"tag:search.twitter.com,2005:491890656248627200",id:twitter.com:362675010,id:twitter.com:362675010,Lady Josephine,https://pbs.twimg.com/profile_images/485909236489396225/xwTlUdUx_normal.jpeg,"sex, love and reggae",283,201,2014-07-23T10:20:45.000Z,You know in 1987 I was dancing in a disco tech,Swindon,GB,"[{""value""=>""(dance OR dancing OR dances OR dancer OR danced) lang:en has:geo"", ""tag""=>nil}]"
"tag:search.twitter.com,2005:491891092372324352",id:twitter.com:342739049,id:twitter.com:342739049,EatonWard Agency,https://pbs.twimg.com/profile_images/1735402578/Snapshot_2012-01-05_21-21-17_normal.jpg,"UK based entertainment company that provides & delivers for the best in the business. 
Working with major global brands & alongside international music labels.",58,596,2014-07-23T10:22:29.000Z,Looking for a street dance teacher to teach every Saturday from 13th August-25th sept 2.45-5.45 in the mill hill area,Barnet,GB,"[{""value""=>""(dance OR dancing OR dances OR dancer OR danced) lang:en has:geo"", ""tag""=>nil}]"
"tag:search.twitter.com,2005:491891328150933505",id:twitter.com:281752599,id:twitter.com:281752599,#FreePalestine. ,https://pbs.twimg.com/profile_images/491067091739762688/NNrc85hP_normal.jpeg,''you'll get over one direction trust me'' said everyone 4YEARS AGO.,751,505,2014-07-23T10:23:26.000Z,#HowIHeardAbout1D I remember watching liams audition first and then falling in love with zayn when he refused to dance..ah,Stratford,GB,"[{""value""=>""(dance OR dancing OR dances OR dancer OR danced) lang:en has:geo"", ""tag""=>nil}]"
"tag:search.twitter.com,2005:491891438410821632",id:twitter.com:1157501762,id:twitter.com:1157501762,Claire Smith,https://pbs.twimg.com/profile_images/476480318329737217/72tj1J0__normal.jpeg,"Deputy Headteacher @TVInfants come and have a chat - I really want to hear how we can help parents, carers and families get involved in learning together.",221,196,2014-07-23T10:23:52.000Z,Mysterious ... The legend of the megalodon! @TVInfants a dance .... Cool music bit of rock rahhhhhhh! http://t.co/GVqaztSTXs,Barking,GB,"[{""value""=>""(dance OR dancing OR dances OR dancer OR danced) lang:en has:geo"", ""tag""=>nil}]"
"tag:search.twitter.com,2005:491891907467829248",id:twitter.com:610758551,id:twitter.com:610758551,July 16 ,https://pbs.twimg.com/profile_images/487054327966490624/C4o8xpQ9_normal.jpeg,"Chillaxin Maxin Relaxin #Boxing #Kickboxer #MMA,Nataly is my favorite person.",350,702,2014-07-23T10:25:44.000Z,If the ass is so fat would you need a lap dance nd why would you park 10 tahoes on it?,Arizona,US,"[{""value""=>""(dance OR dancing OR dances OR dancer OR danced) lang:en has:geo"", ""tag""=>nil}]"
"tag:search.twitter.com,2005:491891979228573696",id:twitter.com:827395904,id:twitter.com:827395904,Cal,https://pbs.twimg.com/profile_images/488367532248936449/UYLir4-6_normal.jpeg,"country road, take me home, to the place, where I belong",271,172,2014-07-23T10:26:01.000Z,@Lauren_slee petrol station! Still teach dance tho,Barrow Common,GB,"[{""value""=>""(dance OR dancing OR dances OR dancer OR danced) lang:en has:geo"", ""tag""=>nil}]"
"tag:search.twitter.com,2005:491892549125025792",id:twitter.com:226207401,id:twitter.com:226207401,David O Adeyemi,https://pbs.twimg.com/profile_images/1189672192/dave2_normal.jpg,"",77,7,2014-07-23T10:28:17.000Z,@ obyezeks sorry for harassment from those boys they are poor boys dancing to the strange beat of their masters.,Nigeria,NG,"[{""value""=>""(dance OR dancing OR dances OR dancer OR danced) lang:en has:geo"", ""tag""=>nil}]"
"tag:search.twitter.com,2005:491892670487207936",id:twitter.com:2355892064,id:twitter.com:2355892064,D'Lena Salinaz‚úå,https://pbs.twimg.com/profile_images/490778071390105601/ZO_Niqbs_normal.jpeg,HHS | IG; @dlena_salinaz | Thanks ‚úå | I love you Cole Austen-Aaron Tischler forever and ever  RIP babe see you again in paradise someday.,208,162,2014-07-23T10:28:46.000Z,@_Rodriquez__ only because she rejects me every time üòí I mean once she let's me finish my lap dance I will drop her,Watauga,US,"[{""value""=>""(dance OR dancing OR dances OR dancer OR danced) lang:en has:geo"", ""tag""=>nil}]"
"tag:search.twitter.com,2005:491892891867185152",id:twitter.com:177964987,id:twitter.com:177964987,Chaplain,https://pbs.twimg.com/profile_images/487145127509757952/K13T1rKs_normal.jpeg,MOTIVATED TO DO NOTHING  Instagram: Phillo od mavad,247,545,2014-07-23T10:29:39.000Z,"""@innce: @phillomavad hehehe they like scattering their bodies"" call it the bomb dance move ..",Uganda,UG,"[{""value""=>""(dance OR dancing OR dances OR dancer OR danced) lang:en has:geo"", ""tag""=>nil}]"
"tag:search.twitter.com,2005:491892891602538496",id:twitter.com:748145328,id:twitter.com:748145328,Luke I Exist,https://pbs.twimg.com/profile_images/488855737481691137/TBNW-C75_normal.jpeg,"my love for demi is like diarrhea, i just cant hold it in",1559,2271,2014-07-23T10:29:38.000Z,@DevotingLuke I like you let's dance üëØ,Los Angeles,US,"[{""value""=>""(dance OR dancing OR dances OR dancer OR danced) lang:en has:geo"", ""tag""=>nil}]"
"tag:search.twitter.com,2005:491893030501498880",id:twitter.com:314405599,id:twitter.com:314405599,‚Ü™Gidza‚Ü©,https://pbs.twimg.com/profile_images/476984947576958977/bFr-x36e_normal.jpeg,Just me.. BBM:7B39D8C3 #SuperiorPromo #TeamJesus #Teamfollowback #TeamBarcelona #Twimbo,27093,27559,2014-07-23T10:30:12.000Z,I like the Tswana traditional dance üíÉ,Makhado,ZA,"[{""value""=>""(dance OR dancing OR dances OR dancer OR danced) lang:en has:geo"", ""tag""=>nil}]"
"tag:search.twitter.com,2005:491893163339284480",id:twitter.com:1128621836,id:twitter.com:1128621836,Sophia Thurlby ,https://pbs.twimg.com/profile_images/446172636415270912/S3GY2Clh_normal.jpeg,"",143,87,2014-07-23T10:30:43.000Z,Me casually staring at the woman on the street dancing to the band and as a finale pissing herself!!‚Ä¶ http://t.co/3irrrOxXQN,Hove,GB,"[{""value""=>""(dance OR dancing OR dances OR dancer OR danced) lang:en has:geo"", ""tag""=>nil}]"
"tag:search.twitter.com,2005:491893278762369025",id:twitter.com:630655054,id:twitter.com:630655054,butterbum ‚ô°,https://pbs.twimg.com/profile_images/490609868785864705/WgmsbjSZ_normal.jpeg,#tallgirlsarebetter,499,573,2014-07-23T10:31:11.000Z,my mom was just dancing to dolce &amp; gabbana then flashed me her tits...,Mackenbach,DE,"[{""value""=>""(dance OR dancing OR dances OR dancer OR danced) lang:en has:geo"", ""tag""=>nil}]"
"tag:search.twitter.com,2005:491893381568528384",id:twitter.com:2295275098,id:twitter.com:2295275098,goldƒ´e ~ ÂΩº„ÅÆÁéãÂ•≥,https://pbs.twimg.com/profile_images/491062814677557250/9kdQfa_E_normal.jpeg,Instagram : golden.dolly || only a masochist like me could ever love such a narcissist like you. #MixedGirlWithTooMuchAsianPride,925,983,2014-07-23T10:31:35.000Z,"dances with me on the street, sings songs with me. &amp; the people here on these japan streets really think we are performing a show lol.",Ë±äÂ≥∂Âå∫,JP,"[{""value""=>""(dance OR dancing OR dances OR dancer OR danced) lang:en has:geo"", ""tag""=>nil}]"
"tag:search.twitter.com,2005:491893466083753984",id:twitter.com:2355892064,id:twitter.com:2355892064,D'Lena Salinaz‚úå,https://pbs.twimg.com/profile_images/490778071390105601/ZO_Niqbs_normal.jpeg,HHS | IG; @dlena_salinaz | Thanks ‚úå | I love you Cole Austen-Aaron Tischler forever and ever  RIP babe see you again in paradise someday.,208,162,2014-07-23T10:31:55.000Z,"When I'm in the mood to dance but nobodies her, FUUUCCCKKK üò´ its good music too üò´",Watauga,US,"[{""value""=>""(dance OR dancing OR dances OR dancer OR danced) lang:en has:geo"", ""tag""=>nil}]"
"tag:search.twitter.com,2005:491893503610593280",id:twitter.com:304033693,id:twitter.com:304033693,Fancy Nancy,https://pbs.twimg.com/profile_images/487583721298870272/jA8Kgo95_normal.jpeg,Dancer/Peformer | 2013/2014 @CanYouDance_uk competitor | BGT/Got To Dance auditionee | Proud School Assistant at @helendance80 | I cook your chicken at KFC |,2847,3250,2014-07-23T10:32:04.000Z,Dancing round the house nakedüëå,Lowestoft,GB,"[{""value""=>""(dance OR dancing OR dances OR dancer OR danced) lang:en has:geo"", ""tag""=>nil}]"
"tag:search.twitter.com,2005:491893626864402433",id:twitter.com:295650776,id:twitter.com:295650776,Mark Hinde,https://pbs.twimg.com/profile_images/3047014492/0d5030d851a7dc38d3ae7ea15dbe8f72_normal.jpeg,Liverpool fan. Trade union representative. Printer and all round boss fella.,101,30,2014-07-23T10:32:34.000Z,@petewylie @katehaldane belated congratulations on your good news. Heart as Big as Liverpool was our first dance at wedding last year.,Birkenhead,GB,"[{""value""=>""(dance OR dancing OR dances OR dancer OR danced) lang:en has:geo"", ""tag""=>nil}]"
"tag:search.twitter.com,2005:491893638650408960",id:twitter.com:417571718,id:twitter.com:417571718,Mike Lowrey,https://pbs.twimg.com/profile_images/480092389785501696/teKqJ6-r_normal.jpeg,"UNF Basketball Signee, UNF18",574,975,2014-07-23T10:32:37.000Z,Diddy come outta nowhere dancing in his videos http://t.co/QGvS6kmbS8,Southside,US,"[{""value""=>""(dance OR dancing OR dances OR dancer OR danced) lang:en has:geo"", ""tag""=>nil}]"
"tag:search.twitter.com,2005:491893711731556352",id:twitter.com:2355892064,id:twitter.com:2355892064,D'Lena Salinaz‚úå,https://pbs.twimg.com/profile_images/490778071390105601/ZO_Niqbs_normal.jpeg,HHS | IG; @dlena_salinaz | Thanks ‚úå | I love you Cole Austen-Aaron Tischler forever and ever  RIP babe see you again in paradise someday.,208,162,2014-07-23T10:32:54.000Z,"When I'm in the mood to dance but nobodies here, FUUUCCCKKK üò´ its good music too üò´",Watauga,US,"[{""value""=>""(dance OR dancing OR dances OR dancer OR danced) lang:en has:geo"", ""tag""=>nil}]"
"tag:search.twitter.com,2005:491893777486069760",id:twitter.com:160705282,id:twitter.com:160705282,Mr. Steal Your Food,https://pbs.twimg.com/profile_images/491277247362637824/YPUuZ44L_normal.jpeg,My name is Nareik.,939,1409,2014-07-23T10:33:10.000Z,"‚Äú@Questionnier: On a scale of 0-10, how well can you dance? #WorldQnA‚Äù

Like a 5 but don't tell nobody",Camberwell,GB,"[{""value""=>""(dance OR dancing OR dances OR dancer OR danced) lang:en has:geo"", ""tag""=>nil}]"
"tag:search.twitter.com,2005:491893858142535680",id:twitter.com:1157501762,id:twitter.com:1157501762,Claire Smith,https://pbs.twimg.com/profile_images/476480318329737217/72tj1J0__normal.jpeg,"Deputy Headteacher @TVInfants come and have a chat - I really want to hear how we can help parents, carers and families get involved in learning together.",221,196,2014-07-23T10:33:29.000Z,I'm like a performing arts reporter today. Time for more dancing. We do love dance @TVInfants http://t.co/LQdMV3B0Yp,Barking,GB,"[{""value""=>""(dance OR dancing OR dances OR dancer OR danced) lang:en has:geo"", ""tag""=>nil}]"
"tag:search.twitter.com,2005:491894027898204160",id:twitter.com:1007858071,id:twitter.com:1007858071,Daze‚ù§‚àû,https://pbs.twimg.com/profile_images/487793798919880705/z6CBjarN_normal.jpeg,.19 .to infinity&beyond. My Liddo Turtle ‚ù§‚àû,593,369,2014-07-23T10:34:09.000Z,"I'm an entertainer. 
#dancer #GOGO",Riverside,US,"[{""value""=>""(dance OR dancing OR dances OR dancer OR danced) lang:en has:geo"", ""tag""=>nil}]"
"tag:search.twitter.com,2005:491894128892862464",id:twitter.com:85280325,id:twitter.com:85280325,April Sibal,https://pbs.twimg.com/profile_images/482310933717331969/9TupY0wu_normal.jpeg,Dreamer,326,348,2014-07-23T10:34:33.000Z,Tired of watching clouds repeat their dance on air,National Capital Region,PH,"[{""value""=>""(dance OR dancing OR dances OR dancer OR danced) lang:en has:geo"", ""tag""=>nil}]"
"tag:search.twitter.com,2005:491894318303813632",id:twitter.com:1157501762,id:twitter.com:1157501762,Claire Smith,https://pbs.twimg.com/profile_images/476480318329737217/72tj1J0__normal.jpeg,"Deputy Headteacher @TVInfants come and have a chat - I really want to hear how we can help parents, carers and families get involved in learning together.",221,196,2014-07-23T10:35:19.000Z,Ooooo my favourite. Pharrell 'happy' :0) lovely dance might have a sing too @TVInfants http://t.co/7n6SqqCRmT,Barking,GB,"[{""value""=>""(dance OR dancing OR dances OR dancer OR danced) lang:en has:geo"", ""tag""=>nil}]"
"tag:search.twitter.com,2005:491897020291235840",id:twitter.com:2272574942,id:twitter.com:2272574942,Shayla,https://pbs.twimg.com/profile_images/491819837904019456/dgfwBxbP_normal.jpeg,"",332,1470,2014-07-23T10:46:03.000Z,Every time I play Dance Central I always pick Right Thurr or Conceited by Remy Ma. Lol,Kentucky,US,"[{""value""=>""(dance OR dancing OR dances OR dancer OR danced) lang:en has:geo"", ""tag""=>nil}]"
"tag:search.twitter.com,2005:491897125806952448",id:twitter.com:291707194,id:twitter.com:291707194,jehan,https://pbs.twimg.com/profile_images/488322367676878849/YQorOxL5_normal.jpeg,kathniel,520,1029,2014-07-23T10:46:28.000Z,Can I have this dance,Soccsksargen,PH,"[{""value""=>""(dance OR dancing OR dances OR dancer OR danced) lang:en has:geo"", ""tag""=>nil}]"
"tag:search.twitter.com,2005:491897234816909313",id:twitter.com:1146132583,id:twitter.com:1146132583,nikkilynn ,https://pbs.twimg.com/profile_images/491805574011445250/kHGZBP9C_normal.jpeg,19. college girl. #IUP16 single ;),212,164,2014-07-23T10:46:54.000Z,"I don't dance but here I am,  spinning you round snd round in circles.",Mount Oliver,US,"[{""value""=>""(dance OR dancing OR dances OR dancer OR danced) lang:en has:geo"", ""tag""=>nil}]"
"tag:search.twitter.com,2005:491897401473761280",id:twitter.com:322077843,id:twitter.com:322077843,JANE LEMERISE,https://pbs.twimg.com/profile_images/424324458233757696/p8a2SX5Y_normal.jpeg,"",36,11,2014-07-23T10:47:34.000Z,Sammi is 16. YEA  DANCING WITH BIG BROTHER MIKE. SO CUTE @ I-76 Schuylkill Expressway http://t.co/g6QJqia9FG,Pennsylvania,US,"[{""value""=>""(dance OR dancing OR dances OR dancer OR danced) lang:en has:geo"", ""tag""=>nil}]"
"tag:search.twitter.com,2005:491897407928799232",id:twitter.com:394719438,id:twitter.com:394719438,ŒúŒ≠ŒΩŒπŒ± ,https://pbs.twimg.com/profile_images/487198080249655296/6UxuzZFa_normal.jpeg,"Feelings are much like waves...We can't keep them from coming, but we can choose which one to surf.",538,626,2014-07-23T10:47:35.000Z,http://t.co/sqqnn0nQzn Dance with me..,Greece,GR,"[{""value""=>""(dance OR dancing OR dances OR dancer OR danced) lang:en has:geo"", ""tag""=>nil}]"
"tag:search.twitter.com,2005:491897498017857536",id:twitter.com:1651056902,id:twitter.com:1651056902,Karla Daniela,https://pbs.twimg.com/profile_images/491519845708480512/e9cu7Udc_normal.jpeg,I live in eternal party,860,486,2014-07-23T10:47:57.000Z,"Double celebration!
Selena's birthday yesterday
and today 
A year of Stars Dance ‚ô•
@selenagomez #1yearofstarsdance http://t.co/gsbhx23fSJ",Colotl√°n,MX,"[{""value""=>""(dance OR dancing OR dances OR dancer OR danced) lang:en has:geo"", ""tag""=>nil}]"
"tag:search.twitter.com,2005:491897639152410624",id:twitter.com:772032830,id:twitter.com:772032830,Torii Raiha,https://pbs.twimg.com/profile_images/481955879672360961/uw7mjaUb_normal.jpeg,"",179,210,2014-07-23T10:48:30.000Z,"If she's comfortable around u: she'll tackle you, sing to u, be weird around u, dance for you, scream at you. take ur food, be mean to you.üëå",East Brunswick,US,"[{""value""=>""(dance OR dancing OR dances OR dancer OR danced) lang:en has:geo"", ""tag""=>nil}]"
"tag:search.twitter.com,2005:491897639391084544",id:twitter.com:2426934853,id:twitter.com:2426934853,PEACE #XOXO,https://pbs.twimg.com/profile_images/490151363163070464/e6Aae2Xf_normal.jpeg,5SoS.//.The Vamps. //.Find Me On Instagram @ANGGRAENIEKA_ .//LBS.//ARIANATOR.//,97,91,2014-07-23T10:48:30.000Z,NP- @TheVampsbandID  @TheVampsband  Can we dance,Tanjung Priok,ID,"[{""value""=>""(dance OR dancing OR dances OR dancer OR danced) lang:en has:geo"", ""tag""=>nil}]"
"tag:search.twitter.com,2005:491900411948056576",id:twitter.com:17322758,id:twitter.com:17322758,Rob Blue,https://pbs.twimg.com/profile_images/490172532201250816/fSxKvHyY_normal.jpeg,"I'm basically into beer, scotch, aviation, travel, anthropodermic bibliopegy and screwing around.
One-time winner of nine Potbelly sandwiches.",536,461,2014-07-23T10:59:31.000Z,North Korea Is Not Pleased: Dance Video Features Kim Jong Un http://t.co/t37WZvPjng,Lafayette,US,"[{""value""=>""(dance OR dancing OR dances OR dancer OR danced) lang:en has:geo"", ""tag""=>nil}]"
"tag:search.twitter.com,2005:491900516428169216",id:twitter.com:1639047882,id:twitter.com:1639047882,Raymond,https://pbs.twimg.com/profile_images/491879127168057344/jbmTDucj_normal.jpeg,People like me dont write books.                     Were written about.,300,833,2014-07-23T10:59:56.000Z,"‚Äú@TheLadBible: Balotelli reading Zlatan's book, whilst ironing and dancing... Only him! https://t.co/me0oim9LGb‚Äù my man balo‚úãüò©",Fingal,IE,"[{""value""=>""(dance OR dancing OR dances OR dancer OR danced) lang:en has:geo"", ""tag""=>nil}]"
"tag:search.twitter.com,2005:491900627866636288",id:twitter.com:213307628,id:twitter.com:213307628,YDance,https://pbs.twimg.com/profile_images/488990023589457920/42_xbehT_normal.jpeg,YDance aims to offer every child and young person in Scotland the opportunity to realise their potential as individuals through dance.,1026,1964,2014-07-23T11:00:23.000Z,"#ProjectY14 opens #InGlasgow, Thur 31 July.  Incredible line-up of new #dance works by Colin Connor &amp; Lina Limosani http://t.co/amxa2Sa1Bl",Glasgow City,GB,"[{""value""=>""(dance OR dancing OR dances OR dancer OR danced) lang:en has:geo"", ""tag""=>nil}]"
"tag:search.twitter.com,2005:491900749039693824",id:twitter.com:2560101367,id:twitter.com:2560101367,Ahoy,https://pbs.twimg.com/profile_images/491817193806372865/yCUBQonq_normal.jpeg,sammy's my sunshine,2467,2630,2014-07-23T11:00:52.000Z,I just want to dance,California,US,"[{""value""=>""(dance OR dancing OR dances OR dancer OR danced) lang:en has:geo"", ""tag""=>nil}]"
"tag:search.twitter.com,2005:491900878899904512",id:twitter.com:301548627,id:twitter.com:301548627,Alex Hughes,https://pbs.twimg.com/profile_images/477146593049972736/Pxv8aoOL_normal.jpeg,20. Politics Student at UEA. Quite like Chelsea. #KTBFFH,246,287,2014-07-23T11:01:23.000Z,"‚Äú@TheLadBible: Balotelli reading Zlatan's book, whilst ironing and dancing... Only him! https://t.co/C6I8f9UCKC‚Äù Incredible üòÇüòÇüòÇ",Southend-on-Sea,GB,"[{""value""=>""(dance OR dancing OR dances OR dancer OR danced) lang:en has:geo"", ""tag""=>nil}]"
"tag:search.twitter.com,2005:491901065923932160",id:twitter.com:538372464,id:twitter.com:538372464,Ted,https://pbs.twimg.com/profile_images/487076987958484992/lxkceU5q_normal.jpeg,Competitive Halo player. |  GT: A Cool Kid IRL | Use my Code IRL on any Cinch Gaming Product to receive a discount. | @SnoopDogg follows me.,674,1164,2014-07-23T11:02:07.000Z,So pretty much the tower on Destiny is just a bunch of people showing off their dance moves.,San Diego,US,"[{""value""=>""(dance OR dancing OR dances OR dancer OR danced) lang:en has:geo"", ""tag""=>nil}]"
"tag:search.twitter.com,2005:491901164032491521",id:twitter.com:483914570,id:twitter.com:483914570,STRAWBERRY‚ù§Ô∏è,https://pbs.twimg.com/profile_images/491640427531882497/xkOEVoSI_normal.jpeg,|MRSMTAR| Mimetians| Aim for Uk!‚öìÔ∏è,389,504,2014-07-23T11:02:31.000Z,"‚Äú@ZTosman: Yes dapat juga berbuka awal hari ni.‚Äù Yeay! Dancing in the mirror,singing in the shower üíÉüíÉüíÉ",Simpang Kanan,MY,"[{""value""=>""(dance OR dancing OR dances OR dancer OR danced) lang:en has:geo"", ""tag""=>nil}]"
"tag:search.twitter.com,2005:491901303850029056",id:twitter.com:1098452107,id:twitter.com:1098452107,SWaNKy!,https://pbs.twimg.com/profile_images/491690688258789376/W46Eq2Hv_normal.jpeg,(GOOD GUY GONE GAGA).                                                                                 (G4)...,660,737,2014-07-23T11:03:04.000Z,*dancing shoki* hAppy!!!,Nigeria,NG,"[{""value""=>""(dance OR dancing OR dances OR dancer OR danced) lang:en has:geo"", ""tag""=>nil}]"
"tag:search.twitter.com,2005:491901401627631617",id:twitter.com:434981505,id:twitter.com:434981505,Natalia,https://pbs.twimg.com/profile_images/490937460508356608/CGfG8bfm_normal.jpeg,"19, I hate boybands",161,1922,2014-07-23T11:03:27.000Z,"@JessHavens yeaaaah, I'm in London really early anyway for the dance thing so I might aswell haha! X",Up Holland,GB,"[{""value""=>""(dance OR dancing OR dances OR dancer OR danced) lang:en has:geo"", ""tag""=>nil}]"
"tag:search.twitter.com,2005:491901446523465728",id:twitter.com:52062311,id:twitter.com:52062311,Es Paradis Ibiza ,https://pbs.twimg.com/profile_images/3743512730/fda0dd43eb882de601ffb69718a2f00a_normal.jpeg,"http://facebook.com/esparadisibizaofficialThe most beautiful club in Ibiza, home of the Mythical Water Party since 1975...",689,17939,2014-07-23T11:03:38.000Z,TONIGHT!!Ibiza Rocks After Show Party at @esparadisibz !!See u soon at the dance-floor! Happy Birthday @ibizarocks !! http://t.co/cxauUgwUrL,Madrid,ES,"[{""value""=>""(dance OR dancing OR dances OR dancer OR danced) lang:en has:geo"", ""tag""=>nil}]"
"tag:search.twitter.com,2005:491901678346829824",id:twitter.com:55835449,id:twitter.com:55835449,robert gray,https://pbs.twimg.com/profile_images/486960579769544706/p0_8uc8r_normal.jpeg,"That Ginger Guy, Newcastle United",371,156,2014-07-23T11:04:33.000Z,"‚Äú@TheLadBible: Balotelli reading Zlatan's book, whilst ironing and dancing... Only him! https://t.co/ZEyd8GV6wb‚Äù@JohalScott",Norwich,GB,"[{""value""=>""(dance OR dancing OR dances OR dancer OR danced) lang:en has:geo"", ""tag""=>nil}]"
"tag:search.twitter.com,2005:491901864104173568",id:twitter.com:25268445,id:twitter.com:25268445,M√†irianne O,https://pbs.twimg.com/profile_images/333233675/cartoonme5_normal.bmp,"Stamp collector, green space avocate & muse. Tweets in personal capacity + satire!",279,73,2014-07-23T11:05:18.000Z,"Today I am in love, in love with 18 people. I think it ok, because they are my dance group. But it's a really strong all consuming passion",Camden Town,GB,"[{""value""=>""(dance OR dancing OR dances OR dancer OR danced) lang:en has:geo"", ""tag""=>nil}]"
"tag:search.twitter.com,2005:491901999307169792",id:twitter.com:2196505246,id:twitter.com:2196505246,Charles R Holmes,https://pbs.twimg.com/profile_images/488984814813319168/78RxFIrM_normal.jpeg,"Father, Christian, Dancer, Teacher, Martial Artist, Outdoorsman, and lover of life. Trying to make you positive one tweet at a time.",247,130,2014-07-23T11:05:50.000Z,Day 3 of dance camp. We've had fun thus far. Let's finish the week off having even more fun!,Pennsylvania,US,"[{""value""=>""(dance OR dancing OR dances OR dancer OR danced) lang:en has:geo"", ""tag""=>nil}]"
"tag:search.twitter.com,2005:491902018580393984",id:twitter.com:328129266,id:twitter.com:328129266,Hemmo1996,https://pbs.twimg.com/profile_images/489201765238460417/iX5nDHLl_normal.jpeg,8/10/13 JOK. lets be unpredictable,5283,6280,2014-07-23T11:05:54.000Z,@nicole_stew Irish dancing but not anymore lol,Milton Keynes,GB,"[{""value""=>""(dance OR dancing OR dances OR dancer OR danced) lang:en has:geo"", ""tag""=>nil}]"
"tag:search.twitter.com,2005:491902187480813568",id:twitter.com:1098452107,id:twitter.com:1098452107,SWaNKy!,https://pbs.twimg.com/profile_images/491690688258789376/W46Eq2Hv_normal.jpeg,(GOOD GUY GONE GAGA).                                                                                 (G4)...,660,738,2014-07-23T11:06:35.000Z,"#dirtyminded!""@safewithmetoye: When a tweep is coming to gv u head u do ds ‚ñ∫‚ñ∫‚ñ∫ @YuNGBoLs: *dancing shoki* hAppy!!!""",Nigeria,NG,"[{""value""=>""(dance OR dancing OR dances OR dancer OR danced) lang:en has:geo"", ""tag""=>nil}]"
"tag:search.twitter.com,2005:491902244187435009",id:twitter.com:49778550,id:twitter.com:49778550,Rachel Sandeman,https://pbs.twimg.com/profile_images/3280264828/b37728e6d9b21a2fae6443f2f51166de_normal.jpeg,I was concieved at disney world. That's why I'm so magical.,810,343,2014-07-23T11:06:48.000Z,First dance as husband and wife. #thismagicmoment #love #luckylady @ Gasometer Berlin EUREF Campus http://t.co/yI65q6YBFd,Berlin,DE,"[{""value""=>""(dance OR dancing OR dances OR dancer OR danced) lang:en has:geo"", ""tag""=>nil}]"
"tag:search.twitter.com,2005:491902278434295809",id:twitter.com:247117270,id:twitter.com:247117270,Anchieta Filho,https://pbs.twimg.com/profile_images/1234276445/Carol061_normal.jpg,"Mercad√≥logo, Apaixonado por M√∫sica, pelo Santa (em qualquer situa√ß√£o) e por minha fam√≠lia.",93,30,2014-07-23T11:06:56.000Z,Dirty Dancing by indiangiver @ Love Tatoo http://t.co/13oJWxL105,Recife,BR,"[{""value""=>""(dance OR dancing OR dances OR dancer OR danced) lang:en has:geo"", ""tag""=>nil}]"
"tag:search.twitter.com,2005:491902370755129345",id:twitter.com:1803359209,id:twitter.com:1803359209,Miss Green MFL,https://pbs.twimg.com/profile_images/378800000427474284/2911b7a82ba2122b48cd810573d53e49_normal.jpeg,"KS3 Co-Ordinator in MFL, teacher of French & Spanish at Tupton Hall School in Derbyshire.
Enthusiastic contributor to TES Resources as rosaespanola - see link.",43,335,2014-07-23T11:07:18.000Z,Just been obliged to dance the Macarena in front of all of Y9 #endoftermassembly,Tupton,GB,"[{""value""=>""(dance OR dancing OR dances OR dancer OR danced) lang:en has:geo"", ""tag""=>nil}]"
"tag:search.twitter.com,2005:491902403151945728",id:twitter.com:152791116,id:twitter.com:152791116,SandyP,https://pbs.twimg.com/profile_images/421991910530904065/c63uNGsA_normal.jpeg,"25yr old, Co-Founder of the great Brauhaus Hearts and follow Hearts everywhere when possible! Love Hearts and love football. Engaged to the missus... #HMFC",297,367,2014-07-23T11:07:26.000Z,"‚Äú@TheLadBible: Balotelli reading Zlatan's book, whilst ironing and dancing... Only him! https://t.co/fehtTzMh8t‚Äù@nattwenty4 you love Mario..",Edinburgh,GB,"[{""value""=>""(dance OR dancing OR dances OR dancer OR danced) lang:en has:geo"", ""tag""=>nil}]"
"tag:search.twitter.com,2005:491902474312507392",id:twitter.com:923274008,id:twitter.com:923274008,BERNBERN,https://pbs.twimg.com/profile_images/458986806772383744/zg8WOZTp_normal.jpeg,HA HA HA. SEXY LOVE!!,346,206,2014-07-23T11:07:43.000Z,"O darlaaaa, dance with me.",Cagayan Valley,PH,"[{""value""=>""(dance OR dancing OR dances OR dancer OR danced) lang:en has:geo"", ""tag""=>nil}]"
"tag:search.twitter.com,2005:491902743842267136",id:twitter.com:550756957,id:twitter.com:550756957,Anjani ,https://pbs.twimg.com/profile_images/488605759517650944/h3E--q3D_normal.jpeg,Donghae WifeÓÑÜ Everlasting Friends,369,505,2014-07-23T11:08:47.000Z,"You've gotta dance like there's nobody watching,love like you'll never be hurt,sing like there's‚Ä¶ http://t.co/G3tROnEC3R",Poasia,ID,"[{""value""=>""(dance OR dancing OR dances OR dancer OR danced) lang:en has:geo"", ""tag""=>nil}]"
"tag:search.twitter.com,2005:491902861421584384",id:twitter.com:306409558,id:twitter.com:306409558,mb,https://pbs.twimg.com/profile_images/481379669183574017/ZE1H8p84_normal.jpeg,"Love will tear us apart ¬© 
Rescue me before I fall into despair.",81,91,2014-07-23T11:09:15.000Z,I'm not much for dancing but for you I did ‚ô•Ô∏è,Migliaro,IT,"[{""value""=>""(dance OR dancing OR dances OR dancer OR danced) lang:en has:geo"", ""tag""=>nil}]"
"tag:search.twitter.com,2005:491902920078528512",id:twitter.com:408258170,id:twitter.com:408258170,kdubs,https://pbs.twimg.com/profile_images/488352376235905024/BsxpkPOe_normal.jpeg,Stars can't shine without darkness.,353,252,2014-07-23T11:09:29.000Z,The longer you dance with the devil the longer you remain in hell.,Illinois,US,"[{""value""=>""(dance OR dancing OR dances OR dancer OR danced) lang:en has:geo"", ""tag""=>nil}]"
"tag:search.twitter.com,2005:491902929142812672",id:twitter.com:386036141,id:twitter.com:386036141,Josie,https://pbs.twimg.com/profile_images/485069588833382401/V4V-OfCc_normal.jpeg,"Co-Editor of Motor City Bengals / Fan of Heinie Manush, Chet Lemon and Bobby Higginson / The Don Kelly of Hogwarts(thanks, @sierradean!)",409,181,2014-07-23T11:09:32.000Z,People must really think I'm crazy. I don't know anyone who car dances like I do at 7am. It's my only coping mechanism for 7am. #noshame,South Highpoint,US,"[{""value""=>""(dance OR dancing OR dances OR dancer OR danced) lang:en has:geo"", ""tag""=>nil}]"
"tag:search.twitter.com,2005:491903109887975424",id:twitter.com:365950821,id:twitter.com:365950821,Guy Gillies,https://pbs.twimg.com/profile_images/378800000529227340/feb72c3137c912c2b7f98b3d4afd7c17_normal.jpeg,"Never,never,never give up - WC",447,277,2014-07-23T11:10:15.000Z,"‚Äú@TheLadBible: Balotelli reading Zlatan's book, whilst ironing and dancing... Only him! https://t.co/WTLVwYF3Q2‚Äù @DanAlkaraghouli  Puma?",Hounslow,GB,"[{""value""=>""(dance OR dancing OR dances OR dancer OR danced) lang:en has:geo"", ""tag""=>nil}]"
"tag:search.twitter.com,2005:491903190670266368",id:twitter.com:564106423,id:twitter.com:564106423,NATALIE,https://pbs.twimg.com/profile_images/489910485903749120/SYGWYh3V_normal.jpeg,lipstick queen | ghana halfcast | c/o 2015 | @wizkidayo is bae forever. ‚ù§Ô∏è,985,1675,2014-07-23T11:10:34.000Z,Make you dance aye aye aye aye,Dale City,US,"[{""value""=>""(dance OR dancing OR dances OR dancer OR danced) lang:en has:geo"", ""tag""=>nil}]"
"tag:search.twitter.com,2005:491905008544546816",id:twitter.com:80593044,id:twitter.com:80593044,Elaine Leonard,https://pbs.twimg.com/profile_images/484809816775614464/2IXH4Jfb_normal.jpeg,Radiographer!,173,181,2014-07-23T11:17:47.000Z,Awkward moment when your mam walks into your room and you having a cheesey dance to the macarena im your underwear!!! #Woops #RedFace,Limerick,IE,(dance OR dancing OR dances OR dancer OR danced) lang:en has:geo
"tag:search.twitter.com,2005:491905083891011584",id:twitter.com:82447667,id:twitter.com:82447667,Chrissy:-),https://pbs.twimg.com/profile_images/489746153240788992/CDW2aIR5_normal.jpeg,"Going places in life, Watch out because you might get ran over!",218,39,2014-07-23T11:18:05.000Z,Dam D' Angelo your my lady just came on @pandora and i almost got up and started dancing. #Jammin,New York,US,(dance OR dancing OR dances OR dancer OR danced) lang:en has:geo
"tag:search.twitter.com,2005:491905095643062273",id:twitter.com:105328518,id:twitter.com:105328518,Belieber,https://pbs.twimg.com/profile_images/490106761324417024/VrSqs9-h_normal.jpeg,"Music is my everything Austin, Cody, Madison & PoP follow Austin follwed on the 17/07/2014",2002,1328,2014-07-23T11:18:08.000Z,@AshleeLouise_xo hey sorry just got home from dancing,Sydney,AU,(dance OR dancing OR dances OR dancer OR danced) lang:en has:geo
"tag:search.twitter.com,2005:491905195563941888",id:twitter.com:422305763,id:twitter.com:422305763,Miss Maii ,https://pbs.twimg.com/profile_images/477973652181245952/Pnz8eMR-_normal.jpeg,20. *P.Y.T*,331,322,2014-07-23T11:18:32.000Z,Is this what they call romance? Finger on the trigger what a hopeless dance.,Gas City,US,(dance OR dancing OR dances OR dancer OR danced) lang:en has:geo
"tag:search.twitter.com,2005:491905253353455616",id:twitter.com:616029619,id:twitter.com:616029619,KING OSCAR MR 305,https://pbs.twimg.com/profile_images/491156945513242624/Ol3jikEg_normal.jpeg,DONT FLW ME IF YO PUSSY SMELL LIKE FISH B***/NBA SUPER STAR/LOVE GOD/B*** I KNOW I LOOK GOOD + I GOT STYLE/YA FOLLOW OR YA DONT I DONT GIVE A FUCK DAMN,1068,1105,2014-07-23T11:18:46.000Z,"-10 ""@Joan_Moj: Well ""@Questionnier: On a scale of 0-10, how well can you dance? #WorldQnA""""",Soweto,ZA,(dance OR dancing OR dances OR dancer OR danced) lang:en has:geo
"tag:search.twitter.com,2005:491905292829876224",id:twitter.com:341295301,id:twitter.com:341295301,yeeeeeeeee.,https://pbs.twimg.com/profile_images/488576764411527168/QZJzf__L_normal.jpeg,"yanyee. druggist at anson bay general hospital. pink monster.
i don't love kpop; i just love infinite! ‚ô°",338,51,2014-07-23T11:18:55.000Z,"SUPER ADORE dongwoo's soft ""can u save me"" whisper right before the end of the dance break üòç

#missionlistentobackonrepeat",Durian Sebatang,MY,(dance OR dancing OR dances OR dancer OR danced) lang:en has:geo
"tag:search.twitter.com,2005:491905352422944769",id:twitter.com:201719569,id:twitter.com:201719569,Perry Harding,https://pbs.twimg.com/profile_images/484604330092539904/cYaS5R9T_normal.jpeg,"Lily, mates, football (Liverpool), live music & family.",493,366,2014-07-23T11:19:09.000Z,"‚Äú@TheLadBible: Balotelli reading Zlatan's book, whilst ironing and dancing... Only him! https://t.co/YCwX7ejGk5‚Äù

What a hero! üòÇ",West End,GB,(dance OR dancing OR dances OR dancer OR danced) lang:en has:geo
"tag:search.twitter.com,2005:491905376540172288",id:twitter.com:2297662131,id:twitter.com:2297662131,‚úåÔ∏è,https://pbs.twimg.com/profile_images/488649811751882752/sOixZi_n_normal.jpeg,"Twerking started when an african woman ran out of tissue paper!! Tech & investment Geek @Chelseafc ,@Fcbarcelona and @Lakers fan !! Im Just Good With Words!!",675,708,2014-07-23T11:19:15.000Z,"‚Äú@FootbalIStuff: Mario Balotelli reading Zlatan's book, whilst ironing and dancing!... üòÇüòÇüòÇhttp://t.co/wETCEpLPzo‚ÄùüòÇüòÇüòÇüòÇ",Malawi,MW,(dance OR dancing OR dances OR dancer OR danced) lang:en has:geo
"tag:search.twitter.com,2005:491905966460661761",id:twitter.com:742810099,id:twitter.com:742810099,#EBONYI FASHION WEEK,https://pbs.twimg.com/profile_images/490251042106667008/96Od9tns_normal.jpeg,CEO House of Talents AFRICA‚Ñ¢ ‚Ä¢EVENTS‚Ä¢MEDIA‚Ä¢ FASHION ¬ªProducer of Dreams TV & SPICE Africa Magazine‚Ñ¢ ¬©2012‚Ä¢Its been all about GOD‚Ä¢ 411:‚òé+2348130060406|| 29BE894C,143,242,2014-07-23T11:21:36.000Z,"Saw an old woman dancing to #Gurlie O @patorankingfire @TiwaSavage ME: Ma this song is Gurlie O not Mama O, old woman: Pato's song is 4 al",Nigeria,NG,(dance OR dancing OR dances OR dancer OR danced) lang:en has:geo
"tag:search.twitter.com,2005:491905990615240704",id:twitter.com:185508634,id:twitter.com:185508634,Cathryn Alice,https://pbs.twimg.com/profile_images/443565147961835520/JUJEZQPg_normal.jpeg,La Campanella :) John 4 : 23 All honour and glory forever is Yours. Snaillovers,96,135,2014-07-23T11:21:41.000Z,Let's dance ! üíÉ ‚òÖ Step Up: All In (with @martha_jenias at Cinema 21) ‚Äî https://t.co/K3hHO2tpER,Makasar,ID,(dance OR dancing OR dances OR dancer OR danced) lang:en has:geo
"tag:search.twitter.com,2005:491906080620822529",id:twitter.com:474157537,id:twitter.com:474157537,Hugo Santana,https://pbs.twimg.com/profile_images/487986810904002561/6T-lPHt9_normal.jpeg,be young but not too careless,44,34,2014-07-23T11:22:03.000Z,Life like a dance you learn as you goüé∂,Sulphur Springs,US,(dance OR dancing OR dances OR dancer OR danced) lang:en has:geo
"tag:search.twitter.com,2005:491906163454509056",id:twitter.com:569659668,id:twitter.com:569659668,Johnny Murcia,https://pbs.twimg.com/profile_images/459590550191357952/G7CE3rDv_normal.jpeg,20. On the pursuit of happiness. Willing to go to any end to find what makes me happy.,235,268,2014-07-23T11:22:23.000Z,I've been learning 80's and 90's move steps... I've got this stupid performance on the brain I rather dance then sleep üò§üò°üòû,El Salvador,SV,(dance OR dancing OR dances OR dancer OR danced) lang:en has:geo
"tag:search.twitter.com,2005:491906475548495873",id:twitter.com:153395100,id:twitter.com:153395100,DJROXYJUNE,https://pbs.twimg.com/profile_images/1279650112/Bling_Mag.xx_normal.jpg,I'm The Winner Of Pioneer Pro Dj Lady Championship 2010 and Thai TV host The Living Chanel 5,52,1664,2014-07-23T11:23:37.000Z,"B4 the show! 98.5 Click FM &amp; Get 102.5 pres. DIRTY Dancing
at Central Plaza Ladphrao
Photography by‚Ä¶ http://t.co/N29tfjLD5V",Chatuchak,TH,(dance OR dancing OR dances OR dancer OR danced) lang:en has:geo
"tag:search.twitter.com,2005:491906490890866689",id:twitter.com:105328518,id:twitter.com:105328518,Belieber,https://pbs.twimg.com/profile_images/490106761324417024/VrSqs9-h_normal.jpeg,"Music is my everything Austin, Cody, Madison & PoP follow Austin follwed on the 17/07/2014",2002,1328,2014-07-23T11:23:41.000Z,@AshleeLouise_xo I had a film crew at my dancing today so scary lol,Sydney,AU,(dance OR dancing OR dances OR dancer OR danced) lang:en has:geo
"tag:search.twitter.com,2005:491906505432891392",id:twitter.com:176317539,id:twitter.com:176317539,Jim Thole,https://pbs.twimg.com/profile_images/424469882944905216/-GaHCCj0_normal.jpeg,I walk alone,232,146,2014-07-23T11:23:44.000Z,@OhThatRashid In his intro he clearly references the shmoney dance but idk.,St. Paul,US,(dance OR dancing OR dances OR dancer OR danced) lang:en has:geo
"tag:search.twitter.com,2005:491906660123045889",id:twitter.com:168979662,id:twitter.com:168979662,#MomentsLikeThis ,https://pbs.twimg.com/profile_images/491612836033212416/Yy62BS-V_normal.jpeg,"#signed contract to drink 4 life 1997 ,#TeamPirates #TeamHouseMusic ungangiphapheli msoonu #TeamChelsea #TeamRM",690,914,2014-07-23T11:24:21.000Z,"Neh ; ( Rt""@S_boh: Can you traditional dance?""",Midrand,ZA,(dance OR dancing OR dances OR dancer OR danced) lang:en has:geo
"tag:search.twitter.com,2005:491906697641066496",id:twitter.com:431868378,id:twitter.com:431868378,NAFAAAAN,https://pbs.twimg.com/profile_images/491883611055194112/xdhh5LIw_normal.jpeg,actor/musician/hurler for Cork senior B team,879,912,2014-07-23T11:24:30.000Z,"Eez the gin, u spin¬†
captain gin, get dancing
body pop, do NOT stop
At my drop¬†
b bop, e drop",Cork,IE,(dance OR dancing OR dances OR dancer OR danced) lang:en has:geo
"tag:search.twitter.com,2005:491906815022870528",id:twitter.com:611348117,id:twitter.com:611348117,Disadvantaqe Diemo,https://pbs.twimg.com/profile_images/488960779010318336/fdXlZbst_normal.jpeg,Amateurs call it genius. Masters call it practice.,332,268,2014-07-23T11:24:58.000Z,Dan Electro - Let Them Come (Greg Gauthier Dance Culture Remix),North West,ZA,(dance OR dancing OR dances OR dancer OR danced) lang:en has:geo
"tag:search.twitter.com,2005:491906903128432640",id:twitter.com:43859905,id:twitter.com:43859905,Simon Columb,https://pbs.twimg.com/profile_images/437612847334711297/pMSkKqys_normal.jpeg,"Freelance Arts and Culture Writer. Contributed to Empire magazine, Flickering Myth, TQS and Man I Love Films ...",999,1056,2014-07-23T11:25:19.000Z,"""@ClassicPixs: Fred Astaire's dance moves, 1936 ' http://t.co/r8sbLWYMCc"" something for the discotheque...",Lambeth,GB,(dance OR dancing OR dances OR dancer OR danced) lang:en has:geo
"tag:search.twitter.com,2005:491907158888706048",id:twitter.com:1667828450,id:twitter.com:1667828450,sanjeeda&drashtifan,https://pbs.twimg.com/profile_images/467638965856518145/9ceENEk4_normal.jpeg,"I am friendly girl love tellywood rajbala, devga, ishra, zaya and also Sidhhart Malhotra.Admin of @BeintehaaFCLub",221,277,2014-07-23T11:26:20.000Z,Zaya dancing wid as hay a nd other stars @preetikatweets @har1603 love them http://t.co/XnEvGtl2Xx,Armsheim,DE,(dance OR dancing OR dances OR dancer OR danced) lang:en has:geo
"tag:search.twitter.com,2005:491907385246502913",id:twitter.com:2560101367,id:twitter.com:2560101367,Ahoy,https://pbs.twimg.com/profile_images/491817193806372865/yCUBQonq_normal.jpeg,sammy's my sunshine,2469,2631,2014-07-23T11:27:14.000Z,I'm actually a really good dancer tbh oops üåö,California,US,(dance OR dancing OR dances OR dancer OR danced) lang:en has:geo
"tag:search.twitter.com,2005:491907417009967105",id:twitter.com:107081880,id:twitter.com:107081880,Monica Durden,https://pbs.twimg.com/profile_images/443901661019258880/_YI8lKXR_normal.jpeg,Oriental English rose. Head of Production @WednesdayAgency Views my own.,600,221,2014-07-23T11:27:22.000Z,Working it down the dance runway #SatBySea @ Shrimpy's http://t.co/NEucLEsb1Y,Camden Town,GB,(dance OR dancing OR dances OR dancer OR danced) lang:en has:geo
"tag:search.twitter.com,2005:491907451118432257",id:twitter.com:301156978,id:twitter.com:301156978,Odara,https://pbs.twimg.com/profile_images/484511524854059008/nEaSI0tf_normal.jpeg,"No MASP tamb√©m tem biqueira, mas l√° a rota n invade dando tiro! (Sparta)                                 Kenya Odara Nefertari, Aquariana.",815,1076,2014-07-23T11:27:30.000Z,"""@TBVines: Girls trying to dance like Beyonce  . https://t.co/agI6JO4uV2"" M O R R I",Sao Paulo,BR,(dance OR dancing OR dances OR dancer OR danced) lang:en has:geo
"tag:search.twitter.com,2005:491907652814118912",id:twitter.com:1732922292,id:twitter.com:1732922292,Cody Choi,https://pbs.twimg.com/profile_images/378800000416261860/c8f736dffb00ad2d57470f6237bc0690_normal.jpeg,Choreographer | Dancer | Dance Photographer | Talent,358,129,2014-07-23T11:28:18.000Z,Cody's moving Photography-Dancer: Karolina #2  #dancer#hotel #ballet#photo#dance#jump#energy#dancephotoraphy#balleria http://t.co/hr0Wt1CPo2,Kensington,GB,(dance OR dancing OR dances OR dancer OR danced) lang:en has:geo
"tag:search.twitter.com,2005:491907931584360450",id:twitter.com:227618358,id:twitter.com:227618358,// Fifi //,https://pbs.twimg.com/profile_images/479464792126930944/vKy_fIvp_normal.jpeg,Rihanna (NAVi) ~ Chris Brown (TeamBreezy) ~ Miguel(#ARTDEALERCHIC is the lifestyle. #ARTGANG is the Clique) ~ 30 Seconds To Mars (Echelon) ~ The 1975 ~ I‚ù§Ô∏èBands,912,995,2014-07-23T11:29:24.000Z,Had a dream you and I were salsa dancing üíÉüòù,Tottenham,GB,(dance OR dancing OR dances OR dancer OR danced) lang:en has:geo
"tag:search.twitter.com,2005:491908010877648896",id:twitter.com:271267478,id:twitter.com:271267478,ABDOUL,https://pbs.twimg.com/profile_images/491553546022961152/RP8HyTGp_normal.jpeg,#Instagram Mr_kraps!!!,1991,2655,2014-07-23T11:29:43.000Z,"Mario Balotelli reading Zlatan's book, whilst ironing and dancing!... üòÇüòÇüòÇhttp://t.co/dyj3cycqeB‚Äù",South Shields,GB,(dance OR dancing OR dances OR dancer OR danced) lang:en has:geo
"tag:search.twitter.com,2005:491908092540760064",id:twitter.com:282040917,id:twitter.com:282040917,Kyle Seedhouse,https://pbs.twimg.com/profile_images/459121832080445440/1j2PSe_G_normal.jpeg,Yorkshire man. Poker player. Dog lover.,219,61,2014-07-23T11:30:03.000Z,"The Premier League Years 99/2000 is on the tele,  and just to top it off they've just played Toploader - Dancing In The Moonlight #Perfick",Brighton,GB,(dance OR dancing OR dances OR dancer OR danced) lang:en has:geo
"tag:search.twitter.com,2005:491908330680365056",id:twitter.com:21248026,id:twitter.com:21248026,Morgan Habbison,https://pbs.twimg.com/profile_images/484327158660472832/bGh9F2IJ_normal.jpeg,"The less you reveal, the more people wonder...",610,431,2014-07-23T11:30:59.000Z,You and I can dance until tomorrow. Time we'll have to borrow. Not a minute have to waste. #jasonmraz,Georgia,US,(dance OR dancing OR dances OR dancer OR danced) lang:en has:geo
"tag:search.twitter.com,2005:491908339862097920",id:twitter.com:227618358,id:twitter.com:227618358,// Fifi //,https://pbs.twimg.com/profile_images/479464792126930944/vKy_fIvp_normal.jpeg,Rihanna (NAVi) ~ Chris Brown (TeamBreezy) ~ Miguel(#ARTDEALERCHIC is the lifestyle. #ARTGANG is the Clique) ~ 30 Seconds To Mars (Echelon) ~ The 1975 ~ I‚ù§Ô∏èBands,912,995,2014-07-23T11:31:02.000Z,@chrisymas had a dream you and I were salsa dancing üíÉüòù,Tottenham,GB,(dance OR dancing OR dances OR dancer OR danced) lang:en has:geo
"tag:search.twitter.com,2005:491908355661631488",id:twitter.com:209914258,id:twitter.com:209914258,FRIEZ NZ CHEEKUNZ,https://pbs.twimg.com/profile_images/454651216094453760/Ik-LnL1t_normal.jpeg,He who makes a beast out of himself                  Gets rid of the pain of being a man,436,454,2014-07-23T11:31:05.000Z,Dead dancing in the graves,Central Region,SG,(dance OR dancing OR dances OR dancer OR danced) lang:en has:geo
"tag:search.twitter.com,2005:491908542073290752",id:twitter.com:48647023,id:twitter.com:48647023,Miauu ‚úó,https://pbs.twimg.com/profile_images/475836287237115904/lp3oYiHk_normal.jpeg,"Usakti'11 | EP'11 Komvker | @EP2011_Trisakti | Alm SMAN110 |  Life is short to be someone, be your self | Miaw | Line: taufiqqrahmanz | 0813 1578 4942 |",205,226,2014-07-23T11:31:50.000Z,üòéüòé lets dance ‚òÖ Step Up: All In (at @cinema21) ‚Äî https://t.co/b73dkcHjlr,Bekasi Selatan,ID,(dance OR dancing OR dances OR dancer OR danced) lang:en has:geo
"tag:search.twitter.com,2005:491908610860277760",id:twitter.com:296229364,id:twitter.com:296229364,Scott Hodgson,https://pbs.twimg.com/profile_images/462983617439072257/0z66frLz_normal.jpeg,True focus lies somewhere between rage and serenity,1244,363,2014-07-23T11:32:06.000Z,@davideaston15 @ChantelleBoyle @AdamMoses14@conna_MAS @samhindle90 http://t.co/8cAZhNBJTK‚Äù dance moves for Saturday üëçüê¥üôàüòúüòâüç∫üëå,Darlington,GB,(dance OR dancing OR dances OR dancer OR danced) lang:en has:geo
"tag:search.twitter.com,2005:491908611996925952",id:twitter.com:17738472,id:twitter.com:17738472,miketinte,https://pbs.twimg.com/profile_images/2908605597/4b62d3ded81a2228f5405bd9e8c3dbe9_normal.jpeg,Software engineer with a penchant for data-backed arguments. Political Affiliation: Reality.,518,133,2014-07-23T11:32:06.000Z,Video of Kim Jong Un dancing. LOL! http://t.co/6t7Z9hR22r @uriminzok,Boston,US,(dance OR dancing OR dances OR dancer OR danced) lang:en has:geo
"tag:search.twitter.com,2005:491908751386230784",id:twitter.com:14256549,id:twitter.com:14256549,Charles Zhang,https://pbs.twimg.com/profile_images/485909012278292481/o-1CE4VK_normal.jpeg,"Public servant @DonorBox, web app consultant @ http://rebelidealist.com likes nonprofits, useful apps, rock n roll & finance.",519,461,2014-07-23T11:32:40.000Z,Kim Jong Un wanted to be a better dancer than PSY https://t.co/vAuQTjmaLT,San Francisco,US,(dance OR dancing OR dances OR dancer OR danced) lang:en has:geo
"tag:search.twitter.com,2005:491908899008552960",id:twitter.com:34642118,id:twitter.com:34642118,The Red Witch,https://pbs.twimg.com/profile_images/457469475185389568/w5VWwPLK_normal.jpeg,"Yes, I like Benedict Cumberbatch",1712,766,2014-07-23T11:33:15.000Z,"@anniespjs Do the stair, pj falling down, stair dance üòä",Melbourne,AU,(dance OR dancing OR dances OR dancer OR danced) lang:en has:geo
"tag:search.twitter.com,2005:491908967447007232",id:twitter.com:1315843849,id:twitter.com:1315843849,no é  û…în…ü,https://pbs.twimg.com/profile_images/489695854681288704/fWccwsSG_normal.jpeg,—ï—ÇŒ±–∏‚Ñì—î—É—èœÉ—É¬¢—î–ºŒπ—ïŒπœÉ–∫Œ±‚ù•,412,446,2014-07-23T11:33:31.000Z,Omfg I'm supposed to be sleeping but instead I'm here dancing with my cousin themüòÇ,Honolulu,US,(dance OR dancing OR dances OR dancer OR danced) lang:en has:geo
"tag:search.twitter.com,2005:491909151644061696",id:twitter.com:69837585,id:twitter.com:69837585,Œ∑isŒ±,https://pbs.twimg.com/profile_images/474491266428727297/GOQ3lltJ_normal.jpeg,"Comfortable with you, @apinisa‚ô• | phobia liat dompet kosong | line/ig: nisapin | pnj",457,634,2014-07-23T11:34:15.000Z,Meet up with moonzher dance crewüòÜ (at The Fool) ‚Äî https://t.co/oeMCHf8YxO,Serpong,ID,(dance OR dancing OR dances OR dancer OR danced) lang:en has:geo
"tag:search.twitter.com,2005:491909244799975424",id:twitter.com:1048384136,id:twitter.com:1048384136,Amy Thomason,https://pbs.twimg.com/profile_images/443893635969720320/MeOpRaEQ_normal.jpeg,Also trading as Cheer Unlimited / Cheerleader / Dancer / Coach / Singer/Songwriter,91,72,2014-07-23T11:34:37.000Z,@BBCNorthampton FREE community Cheerleading &amp; Dance workshop Sunday 27th July 2-5 at lodge farm barn - please share our launch celebrations,Northampton,GB,(dance OR dancing OR dances OR dancer OR danced) lang:en has:geo
"tag:search.twitter.com,2005:491909276420427776",id:twitter.com:322618180,id:twitter.com:322618180,iman,https://pbs.twimg.com/profile_images/490867445125500928/iKEzCDzk_normal.jpeg,Design student.,212,217,2014-07-23T11:34:45.000Z,@disconsolace if i pass u shAll reward me with a special edition of disco party 3 dance ok mua muaüíï,Central Region,SG,(dance OR dancing OR dances OR dancer OR danced) lang:en has:geo
"tag:search.twitter.com,2005:491909318292545537",id:twitter.com:296229364,id:twitter.com:296229364,Scott Hodgson,https://pbs.twimg.com/profile_images/462983617439072257/0z66frLz_normal.jpeg,True focus lies somewhere between rage and serenity,1244,363,2014-07-23T11:34:55.000Z,@EnfieldNick @davideaston15 @ChantelleBoyle @AdamMoses14@conna_MAS @samhindle90 http://t.co/8cAZhNBJTK‚Äù dance moves for Saturday üëçüê¥üôàüòúüòâüç∫üëå,Darlington,GB,(dance OR dancing OR dances OR dancer OR danced) lang:en has:geo
"tag:search.twitter.com,2005:491909371790508032",id:twitter.com:338948044,id:twitter.com:338948044,Gerie Rose,https://pbs.twimg.com/profile_images/490292295678185472/-rb5NvPM_normal.jpeg,bae's music,516,426,2014-07-23T11:35:08.000Z,Tonight we'll dance I'll be yours and you'll be mi-i-i-ine. üéµüíóüòÅ,Ilocos Region,PH,(dance OR dancing OR dances OR dancer OR danced) lang:en has:geo
